{"cameraMode":{"drawMode":0,"name":"Shaded","section":"Shading Mode"},"sceneLighting":false,"audioPlay":false,"sceneViewState":{"showFog":true,"showMaterialUpdate":false,"showSkybox":true,"showFlares":true,"showImageEffects":true,"showParticleSystems":true},"in2DMode":false,"pivot":{"x":-0.0030384957790374758,"y":0.10453179478645325,"z":-0.017990842461586},"rotation":{"x":-0.10161881148815155,"y":0.8897613286972046,"z":-0.242240309715271,"w":-0.3732534348964691},"size":0.7824245095252991,"orthographic":false}